{
    "train_loss": [
        0.04284576338270436,
        0.03014158565065135,
        0.025418827637382176,
        0.022476268851238747,
        0.020803367936092873,
        0.019758047798405523,
        0.019532247989074044,
        0.019334933446801227,
        0.018843378709710163,
        0.019095065645549608,
        0.019181913914887803,
        0.018235868578371794,
        0.019027809941250345,
        0.01895194245421368,
        0.01834564597710319,
        0.01855979629184889,
        0.018077219776485277,
        0.018277212847834047,
        0.017926130761270937,
        0.018803519736165585,
        0.017636860505394314,
        0.01804144465405008,
        0.018139071360878323,
        0.017952183433201003,
        0.017932165550149006,
        0.01781809283339459,
        0.018054772356282108,
        0.01792795450791069,
        0.01781778931617737,
        0.01769725809926572,
        0.01767084909522015,
        0.01817539992539779,
        0.01791377762089605,
        0.01778991030610126,
        0.017644429984300034,
        0.01825027056362318,
        0.017614120555960615,
        0.017823131965554278,
        0.017689627253490946,
        0.01758407686067664,
        0.017721156711163727,
        0.018010316206061323,
        0.017587517655414085,
        0.01774750730265742,
        0.017746403476466305,
        0.017701643446217413,
        0.017475422257962434,
        0.017773419929587322,
        0.01749816288118777,
        0.01787240287531977,
        0.017521320736926534,
        0.017645071952239327,
        0.01755353201990542,
        0.0176067736874456
    ],
    "train_acc": [
        0.12946428571428573,
        0.5526785714285715,
        0.7098214285714286,
        0.80625,
        0.8660714285714286,
        0.9035714285714286,
        0.9107142857142857,
        0.9160714285714285,
        0.9330357142857143,
        0.9232142857142858,
        0.9205357142857142,
        0.9535714285714286,
        0.9232142857142858,
        0.9267857142857143,
        0.9464285714285714,
        0.9419642857142857,
        0.9553571428571429,
        0.9482142857142857,
        0.9616071428571429,
        0.9303571428571429,
        0.9705357142857143,
        0.95625,
        0.95625,
        0.9616071428571429,
        0.9625,
        0.9651785714285714,
        0.9571428571428572,
        0.9616071428571429,
        0.9651785714285714,
        0.96875,
        0.96875,
        0.9517857142857142,
        0.9625,
        0.9660714285714286,
        0.9714285714285714,
        0.9517857142857142,
        0.9714285714285714,
        0.9651785714285714,
        0.9696428571428571,
        0.9714285714285714,
        0.9669642857142857,
        0.9580357142857143,
        0.9723214285714286,
        0.9660714285714286,
        0.9660714285714286,
        0.9705357142857143,
        0.9758928571428571,
        0.9669642857142857,
        0.9758928571428571,
        0.9616071428571429,
        0.975,
        0.9714285714285714,
        0.9741071428571428,
        0.9732142857142857
    ],
    "train_f1": [
        0.1543105761959916,
        0.5153459930330385,
        0.7071108255132142,
        0.8046011440025674,
        0.8663644171125919,
        0.9040306276678791,
        0.9109424872687679,
        0.916381746590864,
        0.9333052923207715,
        0.9234083057756022,
        0.9207819146613994,
        0.9536474049944882,
        0.9235998143013449,
        0.927118902878026,
        0.9466363635668237,
        0.9421553161567953,
        0.9554539969859681,
        0.9484811433771357,
        0.9616649128304423,
        0.9305509592746578,
        0.970525753113658,
        0.9563645595137802,
        0.9563333520574008,
        0.9617711291476903,
        0.9626625744695888,
        0.9653694704151204,
        0.9572273812137825,
        0.9617915648020037,
        0.9653174617412885,
        0.968855873743848,
        0.9688190746969663,
        0.9519227964039946,
        0.9626627844373887,
        0.9662161317141523,
        0.971491657448975,
        0.9519529813614636,
        0.9715513115313761,
        0.9652846804710146,
        0.9697335640242124,
        0.9714920450461609,
        0.9670390629287153,
        0.9580966674435083,
        0.9723899922430154,
        0.9661866503709043,
        0.9661719213683208,
        0.9706100124538464,
        0.9759638808885777,
        0.9670026256420907,
        0.9759749193709462,
        0.9617474097868491,
        0.9750606460746662,
        0.9715135740617102,
        0.9741961771517574,
        0.9732288908426934
    ],
    "val_loss": [
        0.0075442410432375396,
        0.00636337399482727,
        0.0056279012790093055,
        0.005662693427159236,
        0.005437293419471154,
        0.0054304054150214566,
        0.005595983908726619,
        0.005282999919011043,
        0.005512268268145048,
        0.00504684173143827,
        0.005125320416230422,
        0.005121546983718872,
        0.005396458277335534,
        0.005117572270906889,
        0.005073363505876981,
        0.005279414011881901,
        0.005074922396586492,
        0.004976524756504939,
        0.005160609116921058,
        0.005398371586432824,
        0.0050555027448214015,
        0.005363969160960271,
        0.005016221449925349,
        0.005084224389149593,
        0.005051756363648635,
        0.005001878279906053,
        0.00501024631353525,
        0.004991982991878803,
        0.005159899821648231,
        0.00523218558384822,
        0.005229621667128342,
        0.005079820981392494,
        0.005098780760398278,
        0.004975866812926073,
        0.0053888366772578316,
        0.005012967036320613,
        0.005201647831843449,
        0.005019576732928937,
        0.005014100900063148,
        0.00513996802843534,
        0.005158297373698308,
        0.005064664895717914,
        0.0051096888688894416,
        0.005107381710639367,
        0.0051135021906632645,
        0.0050955075484055735,
        0.005429896024557261,
        0.0050703759376819315,
        0.005404919844407302,
        0.005245074859032264,
        0.005126654643278855,
        0.0053406325670389025,
        0.005450036892524132,
        0.0052415366356189435
    ],
    "val_acc": [
        0.6153846153846154,
        0.7461538461538462,
        0.823076923076923,
        0.823076923076923,
        0.8692307692307693,
        0.8615384615384616,
        0.8538461538461538,
        0.8846153846153846,
        0.8538461538461538,
        0.9,
        0.8769230769230769,
        0.8923076923076924,
        0.8769230769230769,
        0.8846153846153846,
        0.8846153846153846,
        0.8769230769230769,
        0.8923076923076924,
        0.9076923076923077,
        0.8846153846153846,
        0.8692307692307693,
        0.8923076923076924,
        0.8692307692307693,
        0.9,
        0.8846153846153846,
        0.8923076923076924,
        0.9076923076923077,
        0.9,
        0.9,
        0.8769230769230769,
        0.9,
        0.8769230769230769,
        0.8923076923076924,
        0.8846153846153846,
        0.9076923076923077,
        0.8538461538461538,
        0.9,
        0.8846153846153846,
        0.9,
        0.9,
        0.8769230769230769,
        0.8769230769230769,
        0.8846153846153846,
        0.8769230769230769,
        0.8846153846153846,
        0.8846153846153846,
        0.9,
        0.8692307692307693,
        0.8923076923076924,
        0.8769230769230769,
        0.8846153846153846,
        0.8846153846153846,
        0.8769230769230769,
        0.8769230769230769,
        0.8846153846153846
    ],